policy,K,overlap,rep_seed,episode_id,success,steps,questions_asked,regret,team_cost
ask_or_act,3,0.667,0,0,False,11,2,6.0,12.0
ask_or_act,3,1.0,0,1,True,8,1,1.5,8.5
ask_or_act,3,0.667,0,2,True,11,0,0.0,11.0
ask_or_act,3,1.0,0,3,True,6,0,1.0,6.0
ask_or_act,3,0.667,0,4,True,8,0,4.0,8.0
ask_or_act,3,1.0,0,5,False,10,1,5.5,10.5
ask_or_act,3,0.667,0,6,True,5,1,3.5,5.5
ask_or_act,3,1.0,0,7,True,7,1,3.5,7.5
ask_or_act,3,1.0,0,8,False,9,1,5.5,9.5
ask_or_act,3,0.667,0,9,True,8,1,1.5,8.5
ask_or_act,3,0.333,0,10,True,7,1,1.5,7.5
ask_or_act,3,0.667,0,11,True,7,1,1.5,7.5
ask_or_act,3,0.667,0,12,True,12,1,1.5,12.5
ask_or_act,3,0.667,0,13,True,10,0,1.0,10.0
ask_or_act,3,0.667,0,14,True,11,1,2.5,11.5
ask_or_act,3,0.667,0,15,True,5,2,3.0,6.0
ask_or_act,3,1.0,0,16,False,14,2,6.0,15.0
ask_or_act,3,1.0,0,17,True,11,0,2.0,11.0
ask_or_act,3,0.667,0,18,True,5,1,1.5,5.5
ask_or_act,3,0.667,0,19,True,14,0,2.0,14.0
ask_or_act,3,0.667,1,0,True,8,1,1.5,8.5
ask_or_act,3,1.0,1,1,True,10,1,2.5,10.5
ask_or_act,3,0.667,1,2,True,8,0,1.0,8.0
ask_or_act,3,0.667,1,3,True,5,0,0.0,5.0
ask_or_act,3,0.667,1,4,True,11,1,2.5,11.5
ask_or_act,3,0.333,1,5,True,2,0,0.0,2.0
ask_or_act,3,0.667,1,6,True,8,1,1.5,8.5
ask_or_act,3,1.0,1,7,True,7,2,3.0,8.0
ask_or_act,3,0.667,1,8,True,5,1,1.5,5.5
ask_or_act,3,0.667,1,9,True,9,0,3.0,9.0
ask_or_act,3,1.0,1,10,True,12,1,3.5,12.5
ask_or_act,3,0.667,1,11,True,6,0,0.0,6.0
ask_or_act,3,0.667,1,12,True,5,1,1.5,5.5
ask_or_act,3,0.667,1,13,True,14,1,3.5,14.5
ask_or_act,3,1.0,1,14,True,6,1,1.5,6.5
ask_or_act,3,0.667,1,15,True,6,0,0.0,6.0
ask_or_act,3,0.667,1,16,True,8,1,1.5,8.5
ask_or_act,3,1.0,1,17,True,5,1,1.5,5.5
ask_or_act,3,1.0,1,18,True,2,0,0.0,2.0
ask_or_act,3,1.0,1,19,True,9,0,1.0,9.0
ask_or_act,3,1.0,2,0,False,12,0,5.0,12.0
ask_or_act,3,0.667,2,1,True,4,1,1.5,4.5
ask_or_act,3,0.667,2,2,True,8,1,1.5,8.5
ask_or_act,3,0.667,2,3,True,8,0,0.0,8.0
ask_or_act,3,1.0,2,4,True,12,0,2.0,12.0
ask_or_act,3,0.667,2,5,False,10,1,5.5,10.5
ask_or_act,3,1.0,2,6,True,5,1,1.5,5.5
ask_or_act,3,0.667,2,7,True,11,2,4.0,12.0
ask_or_act,3,0.667,2,8,True,12,0,0.0,12.0
ask_or_act,3,0.667,2,9,True,6,1,1.5,6.5
ask_or_act,3,0.667,2,10,True,9,2,6.0,10.0
ask_or_act,3,1.0,2,11,True,7,1,1.5,7.5
ask_or_act,3,0.333,2,12,True,10,0,0.0,10.0
ask_or_act,3,1.0,2,13,True,9,1,2.5,9.5
ask_or_act,3,0.667,2,14,True,11,0,1.0,11.0
ask_or_act,3,1.0,2,15,True,11,1,2.5,11.5
ask_or_act,3,0.667,2,16,True,10,0,0.0,10.0
ask_or_act,3,0.667,2,17,True,3,0,0.0,3.0
ask_or_act,3,0.667,2,18,True,9,1,2.5,9.5
ask_or_act,3,1.0,2,19,True,11,0,1.0,11.0
ask_or_act,3,0.667,3,0,True,7,0,2.0,7.0
ask_or_act,3,0.667,3,1,False,8,1,5.5,8.5
ask_or_act,3,0.333,3,2,True,12,0,1.0,12.0
ask_or_act,3,0.667,3,3,True,12,1,4.5,12.5
ask_or_act,3,0.667,3,4,True,12,0,1.0,12.0
ask_or_act,3,0.667,3,5,True,12,0,0.0,12.0
ask_or_act,3,0.667,3,6,True,8,0,1.0,8.0
ask_or_act,3,0.667,3,7,True,4,1,1.5,4.5
ask_or_act,3,0.333,3,8,True,4,0,0.0,4.0
ask_or_act,3,0.667,3,9,True,9,0,0.0,9.0
ask_or_act,3,0.667,3,10,True,9,0,1.0,9.0
ask_or_act,3,0.667,3,11,True,10,0,1.0,10.0
ask_or_act,3,0.667,3,12,True,11,1,2.5,11.5
ask_or_act,3,1.0,3,13,True,10,1,2.5,10.5
ask_or_act,3,1.0,3,14,True,14,0,2.0,14.0
ask_or_act,3,0.667,3,15,True,8,2,3.0,9.0
ask_or_act,3,1.0,3,16,True,12,0,1.0,12.0
ask_or_act,3,1.0,3,17,True,6,0,0.0,6.0
ask_or_act,3,1.0,3,18,True,9,1,1.5,9.5
ask_or_act,3,1.0,3,19,True,10,1,1.5,10.5
ask_or_act,3,0.333,4,0,True,5,1,1.5,5.5
ask_or_act,3,0.667,4,1,True,11,0,1.0,11.0
ask_or_act,3,0.333,4,2,True,8,0,2.0,8.0
ask_or_act,3,1.0,4,3,True,7,1,3.5,7.5
ask_or_act,3,0.667,4,4,True,11,1,2.5,11.5
ask_or_act,3,0.667,4,5,True,10,0,4.0,10.0
ask_or_act,3,0.667,4,6,True,10,0,1.0,10.0
ask_or_act,3,0.667,4,7,True,3,1,1.5,3.5
ask_or_act,3,0.667,4,8,True,11,1,2.5,11.5
ask_or_act,3,1.0,4,9,True,9,1,1.5,9.5
ask_or_act,3,0.667,4,10,True,8,0,2.0,8.0
ask_or_act,3,1.0,4,11,True,12,0,1.0,12.0
ask_or_act,3,0.667,4,12,True,8,1,3.5,8.5
ask_or_act,3,0.667,4,13,True,14,0,5.0,14.0
ask_or_act,3,1.0,4,14,True,4,1,1.5,4.5
ask_or_act,3,0.667,4,15,True,6,0,0.0,6.0
ask_or_act,3,0.667,4,16,True,5,1,1.5,5.5
ask_or_act,3,0.667,4,17,True,4,1,1.5,4.5
ask_or_act,3,0.667,4,18,True,8,0,0.0,8.0
ask_or_act,3,0.667,4,19,True,5,1,1.5,5.5
never_ask,3,0.667,0,0,False,11,0,5.0,11.0
never_ask,3,1.0,0,1,True,12,0,5.0,12.0
never_ask,3,0.667,0,2,True,11,0,0.0,11.0
never_ask,3,1.0,0,3,True,6,0,1.0,6.0
never_ask,3,0.667,0,4,True,8,0,4.0,8.0
never_ask,3,1.0,0,5,False,10,0,5.0,10.0
never_ask,3,0.667,0,6,True,4,0,2.0,4.0
never_ask,3,1.0,0,7,False,9,0,5.0,9.0
never_ask,3,1.0,0,8,False,9,0,5.0,9.0
never_ask,3,0.667,0,9,True,11,0,4.0,11.0
never_ask,3,0.333,0,10,True,6,0,0.0,6.0
never_ask,3,0.667,0,11,True,6,0,0.0,6.0
never_ask,3,0.667,0,12,True,14,0,3.0,14.0
never_ask,3,0.667,0,13,True,10,0,1.0,10.0
never_ask,3,0.667,0,14,True,10,0,1.0,10.0
never_ask,3,0.667,0,15,True,3,0,0.0,3.0
never_ask,3,1.0,0,16,False,14,0,5.0,14.0
never_ask,3,1.0,0,17,True,11,0,2.0,11.0
never_ask,3,0.667,0,18,True,6,0,2.0,6.0
never_ask,3,0.667,0,19,True,14,0,2.0,14.0
never_ask,3,0.667,1,0,True,10,0,3.0,10.0
never_ask,3,1.0,1,1,False,13,0,5.0,13.0
never_ask,3,0.667,1,2,True,8,0,1.0,8.0
never_ask,3,0.667,1,3,True,5,0,0.0,5.0
never_ask,3,0.667,1,4,True,14,0,5.0,14.0
never_ask,3,0.333,1,5,True,2,0,0.0,2.0
never_ask,3,0.667,1,6,True,9,0,2.0,9.0
never_ask,3,1.0,1,7,True,8,0,3.0,8.0
never_ask,3,0.667,1,8,True,6,0,2.0,6.0
never_ask,3,0.667,1,9,True,9,0,3.0,9.0
never_ask,3,1.0,1,10,False,14,0,5.0,14.0
never_ask,3,0.667,1,11,True,6,0,0.0,6.0
never_ask,3,0.667,1,12,True,4,0,0.0,4.0
never_ask,3,0.667,1,13,True,14,0,3.0,14.0
never_ask,3,1.0,1,14,True,5,0,0.0,5.0
never_ask,3,0.667,1,15,True,6,0,0.0,6.0
never_ask,3,0.667,1,16,True,7,0,0.0,7.0
never_ask,3,1.0,1,17,False,9,0,5.0,9.0
never_ask,3,1.0,1,18,True,2,0,0.0,2.0
never_ask,3,1.0,1,19,True,9,0,1.0,9.0
never_ask,3,1.0,2,0,False,12,0,5.0,12.0
never_ask,3,0.667,2,1,True,5,0,2.0,5.0
never_ask,3,0.667,2,2,True,7,0,0.0,7.0
never_ask,3,0.667,2,3,True,8,0,0.0,8.0
never_ask,3,1.0,2,4,True,12,0,2.0,12.0
never_ask,3,0.667,2,5,True,10,0,5.0,10.0
never_ask,3,1.0,2,6,False,9,0,5.0,9.0
never_ask,3,0.667,2,7,True,12,0,4.0,12.0
never_ask,3,0.667,2,8,True,12,0,0.0,12.0
never_ask,3,0.667,2,9,True,8,0,3.0,8.0
never_ask,3,0.667,2,10,True,7,0,3.0,7.0
never_ask,3,1.0,2,11,True,9,0,3.0,9.0
never_ask,3,0.333,2,12,True,10,0,0.0,10.0
never_ask,3,1.0,2,13,False,12,0,5.0,12.0
never_ask,3,0.667,2,14,True,11,0,1.0,11.0
never_ask,3,1.0,2,15,True,13,0,4.0,13.0
never_ask,3,0.667,2,16,True,10,0,0.0,10.0
never_ask,3,0.667,2,17,True,3,0,0.0,3.0
never_ask,3,0.667,2,18,True,10,0,3.0,10.0
never_ask,3,1.0,2,19,True,11,0,1.0,11.0
never_ask,3,0.667,3,0,True,7,0,2.0,7.0
never_ask,3,0.667,3,1,True,5,0,2.0,5.0
never_ask,3,0.333,3,2,True,12,0,1.0,12.0
never_ask,3,0.667,3,3,True,13,0,5.0,13.0
never_ask,3,0.667,3,4,True,12,0,1.0,12.0
never_ask,3,0.667,3,5,True,12,0,0.0,12.0
never_ask,3,0.667,3,6,True,8,0,1.0,8.0
never_ask,3,0.667,3,7,True,3,0,0.0,3.0
never_ask,3,0.333,3,8,True,4,0,0.0,4.0
never_ask,3,0.667,3,9,True,9,0,0.0,9.0
never_ask,3,0.667,3,10,True,9,0,1.0,9.0
never_ask,3,0.667,3,11,True,10,0,1.0,10.0
never_ask,3,0.667,3,12,True,10,0,1.0,10.0
never_ask,3,1.0,3,13,True,9,0,1.0,9.0
never_ask,3,1.0,3,14,True,14,0,2.0,14.0
never_ask,3,0.667,3,15,True,8,0,2.0,8.0
never_ask,3,1.0,3,16,True,12,0,1.0,12.0
never_ask,3,1.0,3,17,True,6,0,0.0,6.0
never_ask,3,1.0,3,18,True,8,0,0.0,8.0
never_ask,3,1.0,3,19,True,9,0,0.0,9.0
never_ask,3,0.333,4,0,True,6,0,2.0,6.0
never_ask,3,0.667,4,1,True,11,0,1.0,11.0
never_ask,3,0.333,4,2,True,8,0,2.0,8.0
never_ask,3,1.0,4,3,False,9,0,5.0,9.0
never_ask,3,0.667,4,4,True,13,0,4.0,13.0
never_ask,3,0.667,4,5,True,10,0,4.0,10.0
never_ask,3,0.667,4,6,True,10,0,1.0,10.0
never_ask,3,0.667,4,7,True,2,0,0.0,2.0
never_ask,3,0.667,4,8,True,13,0,4.0,13.0
never_ask,3,1.0,4,9,True,8,0,0.0,8.0
never_ask,3,0.667,4,10,True,8,0,2.0,8.0
never_ask,3,1.0,4,11,True,12,0,1.0,12.0
never_ask,3,0.667,4,12,True,9,0,4.0,9.0
never_ask,3,0.667,4,13,True,14,0,5.0,14.0
never_ask,3,1.0,4,14,True,3,0,0.0,3.0
never_ask,3,0.667,4,15,True,6,0,0.0,6.0
never_ask,3,0.667,4,16,True,4,0,0.0,4.0
never_ask,3,0.667,4,17,True,3,0,0.0,3.0
never_ask,3,0.667,4,18,True,8,0,0.0,8.0
never_ask,3,0.667,4,19,True,4,0,0.0,4.0
info_gain_ask,3,0.667,0,0,True,10,2,5.0,11.0
info_gain_ask,3,1.0,0,1,True,8,1,1.5,8.5
info_gain_ask,3,0.667,0,2,True,13,2,3.0,14.0
info_gain_ask,3,1.0,0,3,True,8,2,4.0,9.0
info_gain_ask,3,0.667,0,4,True,6,2,3.0,7.0
info_gain_ask,3,1.0,0,5,False,10,1,5.5,10.5
info_gain_ask,3,0.667,0,6,True,4,2,3.0,5.0
info_gain_ask,3,1.0,0,7,True,5,1,1.5,5.5
info_gain_ask,3,1.0,0,8,False,9,1,5.5,9.5
info_gain_ask,3,0.667,0,9,True,9,2,3.0,10.0
info_gain_ask,3,0.333,0,10,True,7,1,1.5,7.5
info_gain_ask,3,0.667,0,11,True,8,2,3.0,9.0
info_gain_ask,3,0.667,0,12,True,12,1,1.5,12.5
info_gain_ask,3,0.667,0,13,True,12,2,4.0,13.0
info_gain_ask,3,0.667,0,14,True,11,1,2.5,11.5
info_gain_ask,3,0.667,0,15,True,5,2,3.0,6.0
info_gain_ask,3,1.0,0,16,True,11,2,3.0,12.0
info_gain_ask,3,1.0,0,17,True,13,2,5.0,14.0
info_gain_ask,3,0.667,0,18,True,5,1,1.5,5.5
info_gain_ask,3,0.667,0,19,True,15,1,3.5,15.5
info_gain_ask,3,0.667,1,0,True,8,1,1.5,8.5
info_gain_ask,3,1.0,1,1,True,10,1,2.5,10.5
info_gain_ask,3,0.667,1,2,True,9,1,2.5,9.5
info_gain_ask,3,0.667,1,3,True,7,2,3.0,8.0
info_gain_ask,3,0.667,1,4,True,11,1,2.5,11.5
info_gain_ask,3,0.333,1,5,True,4,2,3.0,5.0
info_gain_ask,3,0.667,1,6,True,8,1,1.5,8.5
info_gain_ask,3,1.0,1,7,True,7,2,3.0,8.0
info_gain_ask,3,0.667,1,8,True,6,2,3.0,7.0
info_gain_ask,3,0.667,1,9,True,7,1,1.5,7.5
info_gain_ask,3,1.0,1,10,True,13,2,5.0,14.0
info_gain_ask,3,0.667,1,11,True,7,1,1.5,7.5
info_gain_ask,3,0.667,1,12,True,6,2,3.0,7.0
info_gain_ask,3,0.667,1,13,True,14,2,4.0,15.0
info_gain_ask,3,1.0,1,14,True,7,2,3.0,8.0
info_gain_ask,3,0.667,1,15,False,11,1,5.5,11.5
info_gain_ask,3,0.667,1,16,True,9,2,3.0,10.0
info_gain_ask,3,1.0,1,17,False,9,1,5.5,9.5
info_gain_ask,3,1.0,1,18,True,4,2,3.0,5.0
info_gain_ask,3,1.0,1,19,True,11,2,4.0,12.0
info_gain_ask,3,1.0,2,0,True,10,2,4.0,11.0
info_gain_ask,3,0.667,2,1,True,5,2,3.0,6.0
info_gain_ask,3,0.667,2,2,True,9,2,3.0,10.0
info_gain_ask,3,0.667,2,3,True,9,1,1.5,9.5
info_gain_ask,3,1.0,2,4,True,13,1,3.5,13.5
info_gain_ask,3,0.667,2,5,False,10,1,5.5,10.5
info_gain_ask,3,1.0,2,6,True,5,1,1.5,5.5
info_gain_ask,3,0.667,2,7,True,11,2,4.0,12.0
info_gain_ask,3,0.667,2,8,True,14,2,3.0,15.0
info_gain_ask,3,0.667,2,9,True,6,1,1.5,6.5
info_gain_ask,3,0.667,2,10,True,9,2,6.0,10.0
info_gain_ask,3,1.0,2,11,True,8,2,3.0,9.0
info_gain_ask,3,0.333,2,12,True,11,1,1.5,11.5
info_gain_ask,3,1.0,2,13,True,9,1,2.5,9.5
info_gain_ask,3,0.667,2,14,True,12,1,2.5,12.5
info_gain_ask,3,1.0,2,15,True,12,2,4.0,13.0
info_gain_ask,3,0.667,2,16,True,11,1,1.5,11.5
info_gain_ask,3,0.667,2,17,True,5,2,3.0,6.0
info_gain_ask,3,0.667,2,18,True,10,2,4.0,11.0
info_gain_ask,3,1.0,2,19,True,12,1,2.5,12.5
info_gain_ask,3,0.667,3,0,True,6,1,1.5,6.5
info_gain_ask,3,0.667,3,1,False,8,1,5.5,8.5
info_gain_ask,3,0.333,3,2,True,14,2,4.0,15.0
info_gain_ask,3,0.667,3,3,True,12,1,4.5,12.5
info_gain_ask,3,0.667,3,4,True,14,2,4.0,15.0
info_gain_ask,3,0.667,3,5,True,13,1,1.5,13.5
info_gain_ask,3,0.667,3,6,True,11,2,5.0,12.0
info_gain_ask,3,0.667,3,7,True,4,1,1.5,4.5
info_gain_ask,3,0.333,3,8,True,5,1,1.5,5.5
info_gain_ask,3,0.667,3,9,True,11,2,3.0,12.0
info_gain_ask,3,0.667,3,10,True,11,2,4.0,12.0
info_gain_ask,3,0.667,3,11,True,11,1,2.5,11.5
info_gain_ask,3,0.667,3,12,True,11,1,2.5,11.5
info_gain_ask,3,1.0,3,13,True,11,2,4.0,12.0
info_gain_ask,3,1.0,3,14,True,16,2,5.0,17.0
info_gain_ask,3,0.667,3,15,True,8,2,3.0,9.0
info_gain_ask,3,1.0,3,16,False,16,1,5.5,16.5
info_gain_ask,3,1.0,3,17,True,7,1,1.5,7.5
info_gain_ask,3,1.0,3,18,True,12,2,5.0,13.0
info_gain_ask,3,1.0,3,19,True,11,2,3.0,12.0
info_gain_ask,3,0.333,4,0,True,6,2,3.0,7.0
info_gain_ask,3,0.667,4,1,True,12,1,2.5,12.5
info_gain_ask,3,0.333,4,2,True,8,2,3.0,9.0
info_gain_ask,3,1.0,4,3,True,6,2,3.0,7.0
info_gain_ask,3,0.667,4,4,True,12,2,4.0,13.0
info_gain_ask,3,0.667,4,5,False,11,2,6.0,12.0
info_gain_ask,3,0.667,4,6,True,12,2,4.0,13.0
info_gain_ask,3,0.667,4,7,True,3,1,1.5,3.5
info_gain_ask,3,0.667,4,8,True,11,1,2.5,11.5
info_gain_ask,3,1.0,4,9,True,9,1,1.5,9.5
info_gain_ask,3,0.667,4,10,True,9,1,3.5,9.5
info_gain_ask,3,1.0,4,11,True,14,2,4.0,15.0
info_gain_ask,3,0.667,4,12,True,7,2,3.0,8.0
info_gain_ask,3,0.667,4,13,True,14,1,5.5,14.5
info_gain_ask,3,1.0,4,14,True,4,1,1.5,4.5
info_gain_ask,3,0.667,4,15,True,7,1,1.5,7.5
info_gain_ask,3,0.667,4,16,True,5,1,1.5,5.5
info_gain_ask,3,0.667,4,17,True,4,1,1.5,4.5
info_gain_ask,3,0.667,4,18,True,10,2,3.0,11.0
info_gain_ask,3,0.667,4,19,True,6,2,3.0,7.0
ask_or_act,4,0.5,0,0,True,13,0,3.0,13.0
ask_or_act,4,0.5,0,1,True,7,1,2.5,7.5
ask_or_act,4,0.5,0,2,True,2,0,0.0,2.0
ask_or_act,4,0.5,0,3,True,6,1,1.5,6.5
ask_or_act,4,0.5,0,4,True,7,2,5.0,8.0
ask_or_act,4,0.75,0,5,False,15,1,5.5,15.5
ask_or_act,4,0.75,0,6,True,5,1,1.5,5.5
ask_or_act,4,1.0,0,7,True,8,1,1.5,8.5
ask_or_act,4,0.75,0,8,True,8,2,4.0,9.0
ask_or_act,4,0.5,0,9,True,9,0,3.0,9.0
ask_or_act,4,0.5,0,10,True,8,0,3.0,8.0
ask_or_act,4,0.75,0,11,True,13,0,1.0,13.0
ask_or_act,4,0.75,0,12,True,12,1,2.5,12.5
ask_or_act,4,0.75,0,13,True,11,1,3.5,11.5
ask_or_act,4,0.75,0,14,True,5,0,0.0,5.0
ask_or_act,4,1.0,0,15,True,3,0,0.0,3.0
ask_or_act,4,1.0,0,16,True,11,0,1.0,11.0
ask_or_act,4,0.75,0,17,True,15,0,3.0,15.0
ask_or_act,4,0.75,0,18,True,7,0,0.0,7.0
ask_or_act,4,0.75,0,19,True,8,1,1.5,8.5
ask_or_act,4,0.5,1,0,True,11,1,2.5,11.5
ask_or_act,4,0.75,1,1,True,3,0,0.0,3.0
ask_or_act,4,1.0,1,2,True,8,0,2.0,8.0
ask_or_act,4,0.75,1,3,True,12,1,2.5,12.5
ask_or_act,4,0.75,1,4,True,15,0,3.0,15.0
ask_or_act,4,1.0,1,5,True,9,1,2.5,9.5
ask_or_act,4,0.5,1,6,True,11,0,0.0,11.0
ask_or_act,4,0.5,1,7,True,4,0,2.0,4.0
ask_or_act,4,1.0,1,8,True,9,1,1.5,9.5
ask_or_act,4,0.75,1,9,True,9,1,4.5,9.5
ask_or_act,4,0.75,1,10,False,14,0,5.0,14.0
ask_or_act,4,0.75,1,11,True,4,1,1.5,4.5
ask_or_act,4,0.75,1,12,True,7,1,1.5,7.5
ask_or_act,4,0.75,1,13,True,10,2,3.0,11.0
ask_or_act,4,0.75,1,14,True,9,0,0.0,9.0
ask_or_act,4,0.5,1,15,True,7,0,0.0,7.0
ask_or_act,4,0.75,1,16,True,8,1,4.5,8.5
ask_or_act,4,0.75,1,17,True,11,1,2.5,11.5
ask_or_act,4,0.5,1,18,True,10,0,1.0,10.0
ask_or_act,4,0.75,1,19,True,7,2,5.0,8.0
ask_or_act,4,0.5,2,0,True,6,1,1.5,6.5
ask_or_act,4,0.5,2,1,True,9,1,1.5,9.5
ask_or_act,4,0.5,2,2,False,13,1,5.5,13.5
ask_or_act,4,0.75,2,3,True,10,0,1.0,10.0
ask_or_act,4,0.75,2,4,True,13,0,4.0,13.0
ask_or_act,4,0.75,2,5,True,9,2,4.0,10.0
ask_or_act,4,0.5,2,6,True,10,0,2.0,10.0
ask_or_act,4,0.75,2,7,False,7,1,5.5,7.5
ask_or_act,4,0.75,2,8,True,7,2,5.0,8.0
ask_or_act,4,0.5,2,9,True,4,1,1.5,4.5
ask_or_act,4,0.5,2,10,False,9,0,5.0,9.0
ask_or_act,4,0.5,2,11,True,10,1,4.5,10.5
ask_or_act,4,0.5,2,12,True,7,1,1.5,7.5
ask_or_act,4,0.75,2,13,True,12,1,4.5,12.5
ask_or_act,4,0.5,2,14,True,15,1,4.5,15.5
ask_or_act,4,0.75,2,15,True,6,0,2.0,6.0
ask_or_act,4,0.75,2,16,True,7,1,1.5,7.5
ask_or_act,4,0.75,2,17,True,7,1,3.5,7.5
ask_or_act,4,0.5,2,18,False,9,1,5.5,9.5
ask_or_act,4,0.5,2,19,True,5,1,1.5,5.5
ask_or_act,4,0.75,3,0,True,9,1,1.5,9.5
ask_or_act,4,0.5,3,1,True,8,0,1.0,8.0
ask_or_act,4,0.75,3,2,True,8,0,1.0,8.0
ask_or_act,4,0.75,3,3,True,9,1,3.5,9.5
ask_or_act,4,0.75,3,4,True,8,0,0.0,8.0
ask_or_act,4,0.5,3,5,True,5,0,0.0,5.0
ask_or_act,4,0.5,3,6,True,10,0,0.0,10.0
ask_or_act,4,0.75,3,7,True,6,0,0.0,6.0
ask_or_act,4,0.75,3,8,True,6,1,3.5,6.5
ask_or_act,4,0.75,3,9,True,7,1,2.5,7.5
ask_or_act,4,0.5,3,10,True,13,0,3.0,13.0
ask_or_act,4,0.75,3,11,True,10,1,3.5,10.5
ask_or_act,4,0.75,3,12,True,4,0,0.0,4.0
ask_or_act,4,0.5,3,13,True,12,0,1.0,12.0
ask_or_act,4,0.75,3,14,True,8,1,1.5,8.5
ask_or_act,4,0.75,3,15,True,14,1,3.5,14.5
ask_or_act,4,1.0,3,16,True,13,0,4.0,13.0
ask_or_act,4,0.75,3,17,True,11,0,1.0,11.0
ask_or_act,4,0.75,3,18,True,3,1,1.5,3.5
ask_or_act,4,0.75,3,19,False,8,1,5.5,8.5
ask_or_act,4,0.75,4,0,True,10,1,1.5,10.5
ask_or_act,4,0.75,4,1,True,10,0,0.0,10.0
ask_or_act,4,0.5,4,2,True,11,0,0.0,11.0
ask_or_act,4,0.5,4,3,True,9,0,1.0,9.0
ask_or_act,4,0.75,4,4,True,7,0,3.0,7.0
ask_or_act,4,0.75,4,5,True,13,0,2.0,13.0
ask_or_act,4,0.75,4,6,True,7,1,1.5,7.5
ask_or_act,4,0.5,4,7,True,13,1,4.5,13.5
ask_or_act,4,0.75,4,8,True,10,1,2.5,10.5
ask_or_act,4,0.75,4,9,True,2,0,0.0,2.0
ask_or_act,4,1.0,4,10,True,3,1,1.5,3.5
ask_or_act,4,0.75,4,11,True,5,0,0.0,5.0
ask_or_act,4,1.0,4,12,True,6,1,2.5,6.5
ask_or_act,4,0.5,4,13,True,12,1,3.5,12.5
ask_or_act,4,0.75,4,14,False,14,1,5.5,14.5
ask_or_act,4,0.75,4,15,False,8,0,5.0,8.0
ask_or_act,4,0.5,4,16,True,8,1,1.5,8.5
ask_or_act,4,0.75,4,17,True,5,0,0.0,5.0
ask_or_act,4,0.5,4,18,False,13,1,5.5,13.5
ask_or_act,4,0.5,4,19,True,11,0,1.0,11.0
never_ask,4,0.5,0,0,True,13,0,3.0,13.0
never_ask,4,0.5,0,1,True,6,0,1.0,6.0
never_ask,4,0.5,0,2,True,2,0,0.0,2.0
never_ask,4,0.5,0,3,True,7,0,2.0,7.0
never_ask,4,0.5,0,4,False,8,0,5.0,8.0
never_ask,4,0.75,0,5,True,14,0,4.0,14.0
never_ask,4,0.75,0,6,True,4,0,0.0,4.0
never_ask,4,1.0,0,7,True,7,0,0.0,7.0
never_ask,4,0.75,0,8,True,6,0,1.0,6.0
never_ask,4,0.5,0,9,True,9,0,3.0,9.0
never_ask,4,0.5,0,10,True,8,0,3.0,8.0
never_ask,4,0.75,0,11,True,13,0,1.0,13.0
never_ask,4,0.75,0,12,True,12,0,2.0,12.0
never_ask,4,0.75,0,13,True,10,0,2.0,10.0
never_ask,4,0.75,0,14,True,5,0,0.0,5.0
never_ask,4,1.0,0,15,True,3,0,0.0,3.0
never_ask,4,1.0,0,16,True,11,0,1.0,11.0
never_ask,4,0.75,0,17,True,15,0,3.0,15.0
never_ask,4,0.75,0,18,True,7,0,0.0,7.0
never_ask,4,0.75,0,19,True,10,0,3.0,10.0
never_ask,4,0.5,1,0,False,14,0,5.0,14.0
never_ask,4,0.75,1,1,True,3,0,0.0,3.0
never_ask,4,1.0,1,2,True,8,0,2.0,8.0
never_ask,4,0.75,1,3,True,11,0,1.0,11.0
never_ask,4,0.75,1,4,True,15,0,3.0,15.0
never_ask,4,1.0,1,5,True,8,0,1.0,8.0
never_ask,4,0.5,1,6,True,11,0,0.0,11.0
never_ask,4,0.5,1,7,True,4,0,2.0,4.0
never_ask,4,1.0,1,8,True,8,0,0.0,8.0
never_ask,4,0.75,1,9,True,8,0,3.0,8.0
never_ask,4,0.75,1,10,False,14,0,5.0,14.0
never_ask,4,0.75,1,11,True,3,0,0.0,3.0
never_ask,4,0.75,1,12,True,11,0,5.0,11.0
never_ask,4,0.75,1,13,False,13,0,5.0,13.0
never_ask,4,0.75,1,14,True,9,0,0.0,9.0
never_ask,4,0.5,1,15,True,7,0,0.0,7.0
never_ask,4,0.75,1,16,True,7,0,3.0,7.0
never_ask,4,0.75,1,17,True,11,0,2.0,11.0
never_ask,4,0.5,1,18,True,10,0,1.0,10.0
never_ask,4,0.75,1,19,True,5,0,2.0,5.0
never_ask,4,0.5,2,0,False,10,0,5.0,10.0
never_ask,4,0.5,2,1,True,10,0,2.0,10.0
never_ask,4,0.5,2,2,False,13,0,5.0,13.0
never_ask,4,0.75,2,3,True,10,0,1.0,10.0
never_ask,4,0.75,2,4,True,13,0,4.0,13.0
never_ask,4,0.75,2,5,True,10,0,4.0,10.0
never_ask,4,0.5,2,6,True,10,0,2.0,10.0
never_ask,4,0.75,2,7,False,7,0,5.0,7.0
never_ask,4,0.75,2,8,True,5,0,2.0,5.0
never_ask,4,0.5,2,9,True,7,0,4.0,7.0
never_ask,4,0.5,2,10,False,9,0,5.0,9.0
never_ask,4,0.5,2,11,True,9,0,3.0,9.0
never_ask,4,0.5,2,12,True,11,0,5.0,11.0
never_ask,4,0.75,2,13,True,13,0,5.0,13.0
never_ask,4,0.5,2,14,True,13,0,2.0,13.0
never_ask,4,0.75,2,15,True,6,0,2.0,6.0
never_ask,4,0.75,2,16,True,6,0,0.0,6.0
never_ask,4,0.75,2,17,False,9,0,5.0,9.0
never_ask,4,0.5,2,18,False,9,0,5.0,9.0
never_ask,4,0.5,2,19,False,9,0,5.0,9.0
never_ask,4,0.75,3,0,True,8,0,0.0,8.0
never_ask,4,0.5,3,1,True,8,0,1.0,8.0
never_ask,4,0.75,3,2,True,8,0,1.0,8.0
never_ask,4,0.75,3,3,True,10,0,4.0,10.0
never_ask,4,0.75,3,4,True,8,0,0.0,8.0
never_ask,4,0.5,3,5,True,5,0,0.0,5.0
never_ask,4,0.5,3,6,True,10,0,0.0,10.0
never_ask,4,0.75,3,7,True,6,0,0.0,6.0
never_ask,4,0.75,3,8,True,7,0,4.0,7.0
never_ask,4,0.75,3,9,False,10,0,5.0,10.0
never_ask,4,0.5,3,10,True,13,0,3.0,13.0
never_ask,4,0.75,3,11,True,9,0,2.0,9.0
never_ask,4,0.75,3,12,True,4,0,0.0,4.0
never_ask,4,0.5,3,13,True,12,0,1.0,12.0
never_ask,4,0.75,3,14,True,7,0,0.0,7.0
never_ask,4,0.75,3,15,True,15,0,4.0,15.0
never_ask,4,1.0,3,16,True,13,0,4.0,13.0
never_ask,4,0.75,3,17,True,11,0,1.0,11.0
never_ask,4,0.75,3,18,True,2,0,0.0,2.0
never_ask,4,0.75,3,19,False,8,0,5.0,8.0
never_ask,4,0.75,4,0,True,9,0,0.0,9.0
never_ask,4,0.75,4,1,True,10,0,0.0,10.0
never_ask,4,0.5,4,2,True,11,0,0.0,11.0
never_ask,4,0.5,4,3,True,9,0,1.0,9.0
never_ask,4,0.75,4,4,True,7,0,3.0,7.0
never_ask,4,0.75,4,5,True,13,0,2.0,13.0
never_ask,4,0.75,4,6,True,6,0,0.0,6.0
never_ask,4,0.5,4,7,True,12,0,3.0,12.0
never_ask,4,0.75,4,8,True,12,0,4.0,12.0
never_ask,4,0.75,4,9,True,2,0,0.0,2.0
never_ask,4,1.0,4,10,True,2,0,0.0,2.0
never_ask,4,0.75,4,11,True,5,0,0.0,5.0
never_ask,4,1.0,4,12,True,8,0,4.0,8.0
never_ask,4,0.5,4,13,True,11,0,2.0,11.0
never_ask,4,0.75,4,14,True,14,0,5.0,14.0
never_ask,4,0.75,4,15,False,8,0,5.0,8.0
never_ask,4,0.5,4,16,True,9,0,2.0,9.0
never_ask,4,0.75,4,17,True,5,0,0.0,5.0
never_ask,4,0.5,4,18,False,13,0,5.0,13.0
never_ask,4,0.5,4,19,True,11,0,1.0,11.0
info_gain_ask,4,0.5,0,0,True,12,1,2.5,12.5
info_gain_ask,4,0.5,0,1,True,7,1,2.5,7.5
info_gain_ask,4,0.5,0,2,True,4,2,3.0,5.0
info_gain_ask,4,0.5,0,3,True,7,2,3.0,8.0
info_gain_ask,4,0.5,0,4,True,5,2,3.0,6.0
info_gain_ask,4,0.75,0,5,False,15,2,6.0,16.0
info_gain_ask,4,0.75,0,6,True,5,1,1.5,5.5
info_gain_ask,4,1.0,0,7,True,8,1,1.5,8.5
info_gain_ask,4,0.75,0,8,True,8,2,4.0,9.0
info_gain_ask,4,0.5,0,9,True,9,2,4.0,10.0
info_gain_ask,4,0.5,0,10,True,6,1,1.5,6.5
info_gain_ask,4,0.75,0,11,True,15,2,4.0,16.0
info_gain_ask,4,0.75,0,12,True,12,1,2.5,12.5
info_gain_ask,4,0.75,0,13,True,11,1,3.5,11.5
info_gain_ask,4,0.75,0,14,True,6,1,1.5,6.5
info_gain_ask,4,1.0,0,15,True,4,1,1.5,4.5
info_gain_ask,4,1.0,0,16,True,12,1,2.5,12.5
info_gain_ask,4,0.75,0,17,True,17,2,6.0,18.0
info_gain_ask,4,0.75,0,18,True,9,2,3.0,10.0
info_gain_ask,4,0.75,0,19,True,9,2,3.0,10.0
info_gain_ask,4,0.5,1,0,True,11,1,2.5,11.5
info_gain_ask,4,0.75,1,1,True,4,1,1.5,4.5
info_gain_ask,4,1.0,1,2,True,8,2,3.0,9.0
info_gain_ask,4,0.75,1,3,True,12,1,2.5,12.5
info_gain_ask,4,0.75,1,4,True,14,2,3.0,15.0
info_gain_ask,4,1.0,1,5,True,10,2,4.0,11.0
info_gain_ask,4,0.5,1,6,True,12,1,1.5,12.5
info_gain_ask,4,0.5,1,7,True,5,1,3.5,5.5
info_gain_ask,4,1.0,1,8,True,10,2,3.0,11.0
info_gain_ask,4,0.75,1,9,True,7,2,3.0,8.0
info_gain_ask,4,0.75,1,10,False,14,1,5.5,14.5
info_gain_ask,4,0.75,1,11,True,4,1,1.5,4.5
info_gain_ask,4,0.75,1,12,True,8,2,3.0,9.0
info_gain_ask,4,0.75,1,13,True,9,1,1.5,9.5
info_gain_ask,4,0.75,1,14,True,11,2,3.0,12.0
info_gain_ask,4,0.5,1,15,True,10,1,3.5,10.5
info_gain_ask,4,0.75,1,16,True,8,1,4.5,8.5
info_gain_ask,4,0.75,1,17,True,11,1,2.5,11.5
info_gain_ask,4,0.5,1,18,True,11,1,2.5,11.5
info_gain_ask,4,0.75,1,19,True,5,2,3.0,6.0
info_gain_ask,4,0.5,2,0,True,6,1,1.5,6.5
info_gain_ask,4,0.5,2,1,True,10,2,3.0,11.0
info_gain_ask,4,0.5,2,2,False,13,1,5.5,13.5
info_gain_ask,4,0.75,2,3,True,12,2,4.0,13.0
info_gain_ask,4,0.75,2,4,True,11,1,2.5,11.5
info_gain_ask,4,0.75,2,5,True,9,2,4.0,10.0
info_gain_ask,4,0.5,2,6,True,12,2,5.0,13.0
info_gain_ask,4,0.75,2,7,False,7,1,5.5,7.5
info_gain_ask,4,0.75,2,8,True,5,2,3.0,6.0
info_gain_ask,4,0.5,2,9,True,4,1,1.5,4.5
info_gain_ask,4,0.5,2,10,True,8,1,4.5,8.5
info_gain_ask,4,0.5,2,11,True,10,1,4.5,10.5
info_gain_ask,4,0.5,2,12,True,8,2,3.0,9.0
info_gain_ask,4,0.75,2,13,True,12,1,4.5,12.5
info_gain_ask,4,0.5,2,14,True,14,1,3.5,14.5
info_gain_ask,4,0.75,2,15,False,9,2,6.0,10.0
info_gain_ask,4,0.75,2,16,True,7,1,1.5,7.5
info_gain_ask,4,0.75,2,17,True,5,1,1.5,5.5
info_gain_ask,4,0.5,2,18,False,9,1,5.5,9.5
info_gain_ask,4,0.5,2,19,True,6,2,3.0,7.0
info_gain_ask,4,0.75,3,0,True,10,2,3.0,11.0
info_gain_ask,4,0.5,3,1,True,10,2,4.0,11.0
info_gain_ask,4,0.75,3,2,True,9,1,2.5,9.5
info_gain_ask,4,0.75,3,3,True,9,1,3.5,9.5
info_gain_ask,4,0.75,3,4,True,9,1,1.5,9.5
info_gain_ask,4,0.5,3,5,True,7,2,3.0,8.0
info_gain_ask,4,0.5,3,6,True,15,2,6.0,16.0
info_gain_ask,4,0.75,3,7,True,10,2,5.0,11.0
info_gain_ask,4,0.75,3,8,True,5,2,3.0,6.0
info_gain_ask,4,0.75,3,9,True,8,2,4.0,9.0
info_gain_ask,4,0.5,3,10,True,14,1,4.5,14.5
info_gain_ask,4,0.75,3,11,True,8,1,1.5,8.5
info_gain_ask,4,0.75,3,12,True,5,1,1.5,5.5
info_gain_ask,4,0.5,3,13,True,14,2,4.0,15.0
info_gain_ask,4,0.75,3,14,True,11,2,5.0,12.0
info_gain_ask,4,0.75,3,15,True,14,1,3.5,14.5
info_gain_ask,4,1.0,3,16,False,14,1,5.5,14.5
info_gain_ask,4,0.75,3,17,True,13,2,4.0,14.0
info_gain_ask,4,0.75,3,18,True,4,2,3.0,5.0
info_gain_ask,4,0.75,3,19,False,8,1,5.5,8.5
info_gain_ask,4,0.75,4,0,True,11,2,3.0,12.0
info_gain_ask,4,0.75,4,1,True,12,2,3.0,13.0
info_gain_ask,4,0.5,4,2,True,12,1,1.5,12.5
info_gain_ask,4,0.5,4,3,True,10,1,2.5,10.5
info_gain_ask,4,0.75,4,4,True,9,2,6.0,10.0
info_gain_ask,4,0.75,4,5,False,16,2,6.0,17.0
info_gain_ask,4,0.75,4,6,True,8,2,3.0,9.0
info_gain_ask,4,0.5,4,7,True,14,2,6.0,15.0
info_gain_ask,4,0.75,4,8,True,10,1,2.5,10.5
info_gain_ask,4,0.75,4,9,False,7,1,5.5,7.5
info_gain_ask,4,1.0,4,10,True,3,1,1.5,3.5
info_gain_ask,4,0.75,4,11,True,6,1,1.5,6.5
info_gain_ask,4,1.0,4,12,True,6,1,2.5,6.5
info_gain_ask,4,0.5,4,13,True,12,1,3.5,12.5
info_gain_ask,4,0.75,4,14,False,14,2,6.0,15.0
info_gain_ask,4,0.75,4,15,False,8,2,6.0,9.0
info_gain_ask,4,0.5,4,16,True,9,2,3.0,10.0
info_gain_ask,4,0.75,4,17,True,7,2,3.0,8.0
info_gain_ask,4,0.5,4,18,False,13,2,6.0,14.0
info_gain_ask,4,0.5,4,19,True,12,1,2.5,12.5
